{
  "thompson": {
    "ndcg": [
      0.6890803855770998,
      0.7194901846878505,
      0.6898712155737556,
      0.7083087848807491,
      0.7519875440305611,
      0.754844241735224,
      0.7676007401667936,
      0.7671480150307928,
      0.9688344371399513,
      0.7944483726925772
    ],
    "coverage": [
      0.86,
      0.74,
      0.795,
      0.82,
      0.745,
      0.855,
      0.815,
      0.83,
      0.8,
      0.88
    ],
    "gini": [
      0.44256000000000006,
      0.3783000000000001,
      0.30369333333333337,
      0.2834800000000002,
      0.26244,
      0.2540133333333334,
      0.2501200000000001,
      0.23637750000000013,
      0.23930888888888902,
      0.22567000000000004
    ],
    "fit_times": [
      14.034074783325195,
      5.122960329055786,
      5.063498497009277,
      4.807232618331909,
      5.502606153488159,
      5.091290473937988,
      4.859588623046875,
      4.913792371749878,
      5.34074068069458,
      4.995936155319214
    ],
    "total_time_s": 88.24227094650269
  },
  "greedy": {
    "ndcg": [
      0.6895388014815115,
      0.7146616897665377,
      0.7005212612482342,
      0.7178280106732993,
      0.8256317787117546,
      0.8390379938219804,
      0.7432292945251123,
      0.7550535090787176,
      0.8849346627368186,
      0.7551416193393229
    ],
    "coverage": [
      0.115,
      0.39,
      0.16,
      0.41,
      0.425,
      0.44,
      0.22,
      0.38,
      0.46,
      0.475
    ],
    "gini": [
      0.9402200000000001,
      0.8375800000000002,
      0.8040400000000001,
      0.7656500000000002,
      0.7501880000000001,
      0.7370000000000001,
      0.7253228571428572,
      0.7092925000000001,
      0.7030355555555556,
      0.6525740000000002
    ],
    "fit_times": [
      3.420602321624756,
      5.406445741653442,
      5.469227313995361,
      4.986885070800781,
      5.056663274765015,
      5.362326622009277,
      5.4180707931518555,
      5.137595891952515,
      5.178664445877075,
      5.339958667755127
    ],
    "total_time_s": 80.21991419792175
  },
  "random": {
    "ndcg": [
      0.6827876747108926,
      0.6750296623078893,
      0.6826114427710966,
      0.6797788601576046,
      0.7288097988698735,
      0.7416309771719068,
      0.9019655906210734,
      0.7627141603194567,
      0.7596102392435388,
      0.8079650905579467
    ],
    "coverage": [
      0.895,
      0.93,
      0.9,
      0.935,
      0.9,
      0.93,
      0.945,
      0.92,
      0.945,
      0.925
    ],
    "gini": [
      0.34674000000000005,
      0.24201000000000006,
      0.20488666666666688,
      0.17900500000000008,
      0.16003600000000007,
      0.13850666666666678,
      0.1297628571428573,
      0.11507500000000004,
      0.11076666666666668,
      0.10269400000000006
    ],
    "fit_times": [
      3.3189964294433594,
      5.337747573852539,
      5.772529125213623,
      5.065029859542847,
      5.104795455932617,
      5.243244171142578,
      5.369725942611694,
      5.732050657272339,
      5.251450061798096,
      5.55383825302124
    ],
    "total_time_s": 66.893718957901
  }
}