{
  "thompson": {
    "ndcg": [
      0.6901379795655325,
      0.6936225868276569,
      0.6920161657326878,
      0.7681044692279058,
      0.7289660842705911,
      0.690088656941258,
      0.7446580955031274,
      0.7724931205028676,
      0.9486202637081518,
      0.775182254013414
    ],
    "coverage": [
      0.855,
      0.785,
      0.84,
      0.82,
      0.78,
      0.935,
      0.85,
      0.885,
      0.815,
      0.905
    ],
    "gini": [
      0.44908000000000015,
      0.43028,
      0.3734333333333335,
      0.32606500000000005,
      0.29788000000000014,
      0.2610933333333334,
      0.250297142857143,
      0.2252075,
      0.226868888888889,
      0.21697600000000006
    ],
    "fit_times": [
      10.651335954666138,
      3.16818904876709,
      3.3858063220977783,
      3.4803574085235596,
      3.4949188232421875,
      3.3390097618103027,
      3.2837390899658203,
      3.238940477371216,
      3.37007999420166,
      3.1415836811065674
    ]
  },
  "greedy": {
    "ndcg": [
      0.6808158617788866,
      0.7065378920831692,
      0.6950341998866345,
      0.749283631040492,
      0.7951791174757709,
      0.8134679023173992,
      0.7441062640459647,
      0.7326773296922656,
      0.839041691529188,
      0.7279021436641929
    ],
    "coverage": [
      0.18,
      0.44,
      0.16,
      0.405,
      0.355,
      0.35,
      0.215,
      0.3,
      0.405,
      0.525
    ],
    "gini": [
      0.92222,
      0.8010600000000001,
      0.8032533333333334,
      0.7647550000000001,
      0.7520840000000002,
      0.7439733333333334,
      0.7360257142857143,
      0.7299225,
      0.7231355555555556,
      0.687872
    ],
    "fit_times": [
      2.431562900543213,
      3.3041090965270996,
      3.5772321224212646,
      3.5319509506225586,
      3.6024889945983887,
      3.400127410888672,
      3.568834066390991,
      3.7428009510040283,
      3.4468283653259277,
      3.6556954383850098
    ]
  },
  "random": {
    "ndcg": [
      0.6831026980219967,
      0.6675865448905715,
      0.6858679557089085,
      0.6924204654654582,
      0.753311561075086,
      0.7526362089652254,
      0.8898831665725155,
      0.7444972823158561,
      0.7658875488531394,
      0.7859082470429262
    ],
    "coverage": [
      0.895,
      0.93,
      0.9,
      0.935,
      0.9,
      0.93,
      0.945,
      0.92,
      0.945,
      0.925
    ],
    "gini": [
      0.34674000000000005,
      0.24201000000000006,
      0.20488666666666688,
      0.17900500000000008,
      0.16003600000000007,
      0.13850666666666678,
      0.1297628571428573,
      0.11507500000000004,
      0.11076666666666668,
      0.10269400000000006
    ],
    "fit_times": [
      2.5231451988220215,
      3.267030954360962,
      3.5038626194000244,
      3.605616807937622,
      3.5200390815734863,
      3.671206474304199,
      3.4012112617492676,
      3.5348684787750244,
      3.9380786418914795,
      3.3071892261505127
    ]
  }
}